num_reactions,num_comments
529,512
150,0
227,236
111,0
213,0
217,6
503,614
295,453
203,1
170,9
210,2
222,4
313,4
209,4
346,11
332,100
135,256
150,173
221,166
152,2
234,15
227,7
98,0
18,0
102,0
37,0
75,36
90,78
145,9
253,300
85,0
45,14
92,0
125,1
119,4
293,8
128,137
84,15
66,11
171,292
90,72
139,39
236,181
225,210
275,12
372,456
445,9
128,60
186,235
309,444
77,11
119,72
100,21
240,255
164,136
202,327
211,284
148,114
97,81
279,292
263,8
177,193
517,32
289,258
66,13
112,6
206,259
362,468
184,130
216,251
57,0
272,258
248,247
132,89
226,341
35,1
219,316
94,1
259,368
62,1
127,76
149,63
134,171
392,461
310,540
14,3
293,6
236,12
312,10
24,12
16,9
33,12
675,10
737,18
572,16
23,7
266,25
378,512
421,709
1493,1979
76,17
36,11
19,8
27,10
117,2
146,1
166,0
190,0
217,16
458,14
553,15
203,18
1005,25
202,145
428,14
479,17
212,116
225,157
171,46
247,120
269,453
258,486
109,2
97,5
280,199
325,77
51,11
280,825
688,0
365,805
295,5
27,14
15,11
16,12
29,12
28,6
8,8
10,9
39,8
49,11
226,449
104,49
251,17
244,589
252,558
121,15
321,5
103,8
136,31
337,247
648,13
175,157
339,424
341,3
177,131
201,0
43,7
40,7
58,14
403,525
148,4
150,24
53,12
144,15
298,491
171,4
4410,633
374,588
181,20
267,20
60,7
98,23
26,7
255,18
174,6
64,5
62,3
192,417
110,18
119,12
42,11
234,355
54,10
82,8
18,8
147,17
80,8
299,564
629,11
69,2
219,110
30,2
65,1
161,7
398,605
47,7
182,3
317,158
571,888
16,10
30,9
57,7
74,6
368,911
19,3
176,3
133,7
162,6
734,996
42,16
33,6
29,6
43,6
14,6
475,574
50,8
94,23
303,34
168,7
248,14
422,6
189,3
390,17
618,28
191,2
321,1381
364,7
51,10
282,524
369,14
138,16
96,9
186,11
487,15
282,19
383,8
216,0
48,0
885,462
185,11
259,1
299,9
199,9
717,40
155,2
293,8
243,6
264,2
313,3
208,1
216,0
247,6
152,1
387,3
178,9
218,4
270,3
351,4
232,0
252,3
122,0
209,4
305,5
71,10
290,12
67,6
783,11
77,2
22,0
103,0
32,0
239,5
111,6
51,0
34,4
15,0
75,0
177,2
520,8
134,2
228,1
498,254
166,5
272,265
127,7
30,0
33,1
252,5
287,0
264,8
152,5
61,5
172,7
616,523
188,0
593,309
189,2
178,5
318,7
362,9
48,6
248,1
520,2
97,8
400,16
218,0
77,13
204,4
405,6
210,0
214,1
374,4
457,3
215,0
7,5
38,6
168,1
277,0
196,1
100,3
85,4
34,10
41,9
23,5
217,24
161,9
279,0
97,9
489,3
245,4
270,5
166,11
121,18
33,9
72,1
174,0
192,0
286,61
231,0
138,1
104,6
91,10
682,22
1379,769
629,16
58,4
272,9
213,2
225,2
463,48
285,7
526,18
418,4
515,10
377,5
1186,37
591,560
424,8
119,16
67,9
439,10
1043,117
690,10
84,7
491,16
63,1
46,3
320,17
51,8
85,9
99,13
213,13
156,12
204,128
246,8
225,2
256,427
146,1
212,0
229,3
66,2
158,0
301,7
88,1
148,54
398,11
89,4
151,0
155,5
109,13
117,16
112,7
132,3
149,3
274,9
195,95
138,25
627,266
289,23
209,10
162,75
265,11
301,10
213,5
210,3
408,11
223,6
359,4
535,2
362,10
266,165
156,2
110,21
446,6148
102,1
161,6
279,8
288,6
230,8
271,12
113,2
256,103
306,4
566,10
186,1
135,9
174,195
171,84
373,8
403,5
139,14
148,16
270,8
343,8
254,5
304,9
437,6
412,4
183,11
353,8
144,14
905,10
151,19
276,4
227,3
340,1201
478,12
189,22
211,7
296,2
113,15
113,2
133,19
223,3
322,8
235,3
163,1
373,4
249,147
129,2
245,7
272,9
239,127
135,9
333,44
96,3
210,7
154,72
192,8
152,2
222,3
227,1
542,21
279,274
263,8
358,5498
65,4
190,11
320,4
266,8
452,19013
123,23
543,4661
278,8
445,432
196,7
607,383
180,4
236,8
93,2
48,6
245,169
225,12
133,4
170,11
304,13
150,5
387,8
564,20990
261,36
477,12
154,19
130,13
307,0
113,12
77,4
38,4
209,9
99,0
119,8
182,2
155,1
86,0
124,0
221,1
52,0
38,7
2,0
347,0
99,0
210,0
178,0
149,0
77,0
169,0
237,0
86,0
120,0
234,0
280,0
319,5
171,0
251,5
135,0
1,0
1,0
264,2
218,2
52,0
41,0
67,0
266,9
165,0
70,0
247,1
379,0
305,1
26,0
28,0
37,0
46,0
164,2
282,0
61,5
68,3
73,1
641,0
122,0
654,1
245,2
173,0
64,0
495,9
144,0
476,3
4,0
48,0
77,1
199,0
43,0
30,0
190,1
96,0
295,3
102,0
52,0
71,0
95,1
132,10
63,14
187,6
124,2
296,80
268,46
156,4
148,26
195,14
229,7
111,4
169,34
127,6
139,27
60,8
109,5
148,4
46,3
93,14
164,17
33,4
153,19
173,1
168,1
51,10
198,4
44,3
43,4
105,3
272,5
148,9
91,13
188,26
60,3
110,2
101,6
122,18
105,4
56,1
219,5
87,1
109,3
50,1
173,16
101,1
105,8
89,4
101,1
90,4
113,27
126,6
441,31
302,186
185,40
155,33
177,7
309,102
326,2
265,6
199,8
226,93
129,5
63,11
185,1
54,0
167,4
53,3
352,4
185,3
198,30
59,1
49,1
126,4
120,1
180,120
85,0
230,6
248,52
297,8
158,6
124,3
213,1
114,0
182,10
178,14
166,0
143,5
170,3
196,5
103,0
114,11
136,6
53,3
63,0
150,14
154,8
114,21
139,4
96,1
177,15
320,6
336,154
54,2
74,1
79,2
50,10
183,13
73,12
103,15
90,2
124,13
90,14
303,11
309,10
220,52
126,0
928,53
391,136
150,2
223,1
174,2
0,0
102,1
344,20
135,26
334,13
49,3
404,17
185,5
354,184
78,16
139,18
367,11
177,1
378,5
57,19
921,35
0,0
348,9
370,10
72,3
27,9
59,16
113,1
116,24
21,10
19,8
230,62
1542,18
48,14
69,15
96,18
235,1
130,4
111,19
89,20
20,11
74,15
63,18
83,24
62,11
141,24
140,1
124,21
107,16
139,16
264,27
48,4
360,131
64,11
173,11
165,15
79,18
130,19
534,0
237,33
432,5
92,2
128,3
316,3
68,16
193,3
75,3
131,0
74,10
67,11
35,2
217,1
398,3
99,14
138,1
134,0
267,9
87,17
409,6
263,5
210,2
104,14
158,48
286,2
179,1
190,1
163,1
424,7
181,3
139,2
775,18
368,2
105,12
218,2
89,9
326,10
106,3
125,5
123,16
70,21
58,0
61,16
66,14
81,14
39,5
167,0
78,13
140,13
243,4
199,3
354,15
171,78
55,4
136,44
51,8
103,25
619,15
231,30
86,14
63,9
165,89
200,18
180,15
214,152
157,124
44,1
208,6
145,2
177,134
250,11
97,29
112,45
170,108
148,7
360,10
280,9
111,45
188,242
121,43
43,4
111,15
111,4
119,31
358,10
187,25
180,84
227,173
146,19
105,10
131,39
325,13
113,2
102,13
441,10
260,6
31,14
70,10
147,1
177,145
112,18
117,18
118,6
118,3
162,10
318,2
59,14
54,0
238,41
350,389
111,11
207,4
140,23
103,8
323,407
487,93
180,16
156,0
118,13
227,18
26,2
120,0
59,6
90,13
22,2
73,5
183,15
67,14
45,1
110,3
120,4
87,1
139,4
104,0
60,1
214,6
160,1
322,8
348,3
292,10
51,0
251,20
67,5
43,8
58,10
37,1
40,2
56,9
59,3
147,2
231,5
71,6
48,1
261,4
225,0
148,16
68,3
543,22
74,9
249,10
629,7
57,9
279,18
68,13
106,19
73,19
68,14
12,5
10,4
35,0
40,1
44,9
6,0
80,4
83,8
66,2
421,3
246,5
151,0
304,6
263,19
216,16
42,9
289,11
330,8
320,2
355,9
242,4
471,13
320,7
486,2
353,6
469,10
271,37
228,3
495,11
381,5
480,10
140,6
443,11
182,1
121,0
49,9
227,0
230,6
192,26
417,11
552,8
111,12
130,19
100,11
50,11
385,16
108,16
368,12
307,18
176,4
246,13
152,30
286,5
108,8
25,8
21,2
318,7
370,16
58,3
45,0
69,0
135,2
212,11
184,3
103,0
302,9
246,9
117,0
52,12
317,8
189,13
192,19
96,8
112,11
124,12
155,5
167,16
157,13
101,7
230,20
136,5
131,0
128,18
129,13
376,18
68,9
142,2
106,12
88,3
49,9
1052,12
948,7
1552,23
1580,14
1241,6
1054,9
954,10
1014,14
1768,0
951,13
1223,34
987,13
2799,67
102,1
160,3
1575,15
945,9
1194,14
1339,9
963,6
1145,25
950,8
2024,23
950,13
951,10
974,10
1139,57
1061,5
1018,10
991,10
952,4
1999,22
1251,17
968,9
1338,6
948,5
1,0
1914,0
1377,5
1244,13
948,3
1229,5
1363,12
956,6
1080,28
994,9
1419,7
954,6
550,1
549,6
1143,154
1356,10
1774,2
1230,49
1451,14
1784,3
1983,8
2632,11
2166,8
1218,12
1724,129
2773,8
1259,211
1270,9
1921,8
1164,222
1029,11
1197,12
951,6
121,14
169,10
2186,14
1910,7
1069,20
2177,18
1825,13
1880,1
1265,10
2297,260
1700,290
976,2
1077,21
1346,330
1188,14
1081,15
1898,28
1916,15
1092,17
1566,31
992,7
1172,199
1646,12
1966,23
2020,12
2055,29
1830,15
2244,11
1128,10
1842,286
2606,13
2153,44
2042,225
1125,363
2098,32
1956,17
2444,24
1803,10
1042,8
1231,27
2045,25
1915,74
1995,21
2183,56
1140,297
1805,15
1962,354
1933,8
2636,16
2264,284
2606,2
1618,13
2947,14
2062,206
1987,13
2265,8
1249,0
2791,10
2214,1
2620,4
2025,7
1968,6
2204,8
2211,361
2399,11
2260,390
1977,10
2348,12
2489,32
2293,7
2221,10
2314,509
1279,11
2404,11
2010,32
1191,22
1392,10
2204,10
1929,17
7,0
12,1
3,0
2303,21
1926,4
2288,5
2419,15
2297,14
1888,15
2033,11
2414,22
1982,12
2223,13
2341,18
2101,7
2201,2
2020,4
1940,70
2071,12
2080,32
2382,17
2259,5
55,2
2242,7
2028,16
2300,1
6,0
2273,2
2132,36
2074,22
2276,30
2319,14
2217,3
2329,13
2174,18
2252,0
2251,3
1931,26
2095,213
2030,28
2634,449
2026,35
2118,6
2112,28
2675,13
2126,11
2418,179
1892,4
2462,12
3639,175
270,14
380,24
421,16
2253,8
2346,7
2999,281
1904,5
2402,4
2239,42
2332,46
2374,8
2492,10
2072,22
2826,21
2032,3
2154,6
1997,3
2320,7
2190,10
2545,14
2452,8
4710,50
2549,8
3190,19
3510,12
2255,10
2309,5
2051,7
2350,11
2105,19
2291,108
2349,53
2157,19
2151,4
2615,23
2148,32
3115,24
1302,16
1815,12
1379,20
1169,3
1509,26
956,6
1220,10
1601,38
1496,85
1103,24
1526,14
1159,32
1010,14
1182,29
1428,11
1473,12
1180,5
1864,9
1032,9
1630,15
545,13
1193,38
1477,11
1272,7
1238,21
1500,13
1917,58
1126,66
1246,41
1540,25
1282,35
1253,42
1484,44
1445,40
1132,16
1610,55
1714,36
2785,26
1884,17
1667,6
1204,9
1182,0
1212,7
2674,24
2054,21
1469,51
1668,10
2000,9
1497,11
1342,4
1268,6
1428,8
1492,5
2621,122
1277,14
1833,30
2149,37
1562,46
98,3
264,43
1253,13
1300,18
1451,8
1444,6
1182,0
366,28
1424,6
1294,23
1501,113
16,0
40,0
1078,131
413,29
1077,243
860,196
748,38
0,0
103,1
9,0
7,0
10,0
15,0
16,0
616,11
1781,162
1343,15
212,16
1053,5
1272,17
2081,58
2713,67
1529,22
753,9
271,3
1429,34
147,4
3730,156
357,7
358,1
1211,84
323,12
169,4
774,25
1058,29
230,4
1204,23
375,15
300,15
228,9
435,9
572,6
532,19
471,10
640,31
376,3
330,5
591,41
519,17
437,4
287,5
482,38
543,17
463,14
272,3
432,5
1013,24
653,19
148,6
433,7
404,6
616,7
452,5
457,6
600,13
345,7
156,7
227,11
748,40
406,3
548,36
156,0
641,14
14,1
489,13
644,30
187,12
893,23
406,18
329,10
507,15
188,8
359,6
525,14
306,12
615,20
572,10
110,0
742,10
596,17
1230,31
758,24
322,9
924,22
537,16
433,4
442,17
544,19
699,10
1442,48
332,3
972,16
330,18
1325,30
1923,234
1467,107
1989,36
779,9
626,9
493,14
2520,64
273,10
2613,50
2137,44
665,9
3919,77
4094,61
2836,48
562,5
767,26
722,9
37,0
637,8
1347,13
922,5
108,6
685,10
450,4
353,0
458,3
2669,23
371,3
973,8
778,24
551,2
501,4
493,17
306,7
405,6
497,8
782,11
367,7
500,16
426,9
880,24
716,28
461,17
244,6
589,18
321,6
396,10
350,5
164,5
718,20
196,12
849,25
109,6
413,7
395,16
425,12
688,8
313,6
399,34
714,46
576,17
462,15
41,2
469,17
17,2
6,0
344,10
621,16
603,13
530,13
211,2
327,6
505,21
424,6
514,10
412,17
150,4
233,4
906,22
800,26
279,10
715,18
969,46
489,23
294,25
437,31
219,8
267,9
321,12
190,3
318,14
246,17
327,9
417,6
317,5
340,11
385,12
543,5
981,32
308,5
425,5
542,9
254,2
325,36
287,9
247,8
273,7
396,30
241,2
204,1
199,6
6,0
421,10
240,7
479,18
282,7
107,1
258,5
799,31
157,9
358,19
45,1
155,2
328,21
271,6
202,10
249,7
460,31
100,0
101,2
258,7
152,5
87,3
46,4
63,0
271,3
126,5
175,6
47,0
42,0
53,1
100,1
41,1
34,0
238,4
223,3
75,0
101,1
51,0
77,3
1190,12
9,0
134,3
72,0
188,6
221,2
221,3
94,3
82,3
216,8
110,0
348,0
225,13
80,1
91,6
184,11
562,0
184,0
190,2
360,23
57,0
102,4
152,2
263,14
62,1
126,18
114,3
187,9
58,7
46,3
183,4
99,11
51,0
92,6
103,6
326,9
113,2
61,0
76,3
66,1
638,34
154,0
95,9
29,0
71,2
813,6
506,44
68,7
174,11
105,4
179,11
191,6
203,3
277,52
62,2
200,6
339,30
178,10
23,0
65,11
250,7
59,0
110,12
147,13
62,6
686,53
351,5
215,12
100,6
131,1
560,22
374,9
559,22
169,6
473,9
58,2
164,4
614,24
211,2
129,9
155,5
438,14
304,20
116,2
135,1
115,9
128,3
128,3
55,4
109,1
58,0
83,0
164,6
210,9
133,17
91,6
226,13
50,3
243,0
113,15
243,5
141,1
130,0
65,2
3,3
75,3
45,0
177,14
45,1
93,8
73,0
82,5
89,17
52,5
52,5
32,1
140,18
113,5
1201,86
1145,22
107,5
27,5
101,9
160,8
197,20
70,3
88,11
22,1
265,5
73,4
211,2
165,9
190,6
83,1
51,1
386,15
135,14
273,35
87,25
240,30
47,1
23,7
84,4
18,0
59,5
44,0
28,0
30,1
39,2
17,0
74,15
68,6
65,2
52,2
78,8
28,3
63,5
19,24
21,22
77,12
137,3
537,16
57,5
144,11
13,1
10,0
108,5
49,0
1,0
29,1
24,2
156,17
56,1
34,1
16,1
25,1
38,4
45,5
74,2
8,0
2,0
131,8
32,3
14,1
90,10
122,2
5,0
97,5
31,1
80,4
51,1
38,0
102,5
92,10
54,4
44,4
78,5
66,10
54,6
25,0
74,5
79,7
104,3
38,7
17,6
75,8
52,3
38,0
58,5
12,1
4,0
28,4
4,0
51,0
18,1
45,0
14,0
54,1
65,4
73,0
43,3
28,4
22,1
39,3
62,8
20,2
17,0
49,7
62,7
43,2
30,1
28,0
49,2
67,6
20,1
81,5
58,6
13,5
47,0
7,0
62,2
84,6
23,2
19,4
13,0
8,1
35,1
37,0
73,10
114,9
69,6
43,0
106,3
69,2
65,2
52,0
79,1
49,1
31,0
7,0
6,0
7,0
5,1
18,1
32,0
33,1
97,0
102,16
38,10
16,2
3,1
27,0
78,4
29,0
66,9
78,16
57,9
19,4
82,14
5,4
52,5
45,14
41,19
55,10
40,1
48,4
53,7
5,0
0,0
74,6
7,1
96,214
43,2
13,3
28,3
34,0
83,1
7,0
34,0
97,3
24,4
106,18
131,4
132,7
79,5
71,2
55,8
51,9
46,3
5,2
52,5
18,0
207,13
105,5
30,0
32,0
44,10
100,28
58,4
22,1
26,0
45,4
21,0
75,15
21,0
72,23
50,1
26,6
46,9
80,7
41,11
69,6
3,2
21,4
64,1
60,19
25,3
48,17
45,4
2,0
7,0
61,13
16,9
27,3
42,16
65,0
44,4
55,12
59,7
51,6
41,1
12,5
57,7
55,7
76,4
103,14
46,2
74,14
25,0
34,0
50,1
47,0
64,2
40,1
58,1
67,3
50,3
53,1
67,8
90,12
60,2
30,8
52,10
5,0
56,14
26,2
71,11
53,4
35,2
31,2
45,0
20,1
3,2
48,0
18,0
56,10
64,2
63,0
40,9
92,1
53,0
33,0
84,6
87,11
26,0
22,0
78,0
67,6
26,1
14,0
18,0
24,0
27,0
30,11
34,4
26,1
38,4
55,5
80,9
33,3
44,10
41,7
30,3
34,0
30,0
38,9
24,4
37,2
18,3
55,15
54,3
67,11
94,18
41,2
36,2
65,3
90,6
42,2
48,4
45,10
47,2
31,4
105,23
48,0
37,5
5,2
11,0
27,11
2,0
43,1
46,4
53,3
10,1
22,5
12,3
50,6
47,13
14,0
1,0
25,18
16,0
46,2
76,1
16,0
40,1
83,15
89,28
30,0
12,0
52,17
58,19
22,4
6,0
30,2
58,5
32,4
48,5
43,4
30,0
41,3
42,10
59,6
17,0
47,0
14,5
12,1
30,23
25,3
0,0
4,1
3,0
5,1
2,0
11,6
38,10
13,0
19,0
15,1
21,4
42,2
12,0
19,4
24,2
32,1
15,8
22,4
33,8
11,6
47,6
41,7
29,4
48,7
13,8
32,2
42,8
26,5
67,25
23,4
33,4
25,3
22,4
26,0
38,10
50,19
29,1
26,0
25,1
15,0
18,0
28,4
14,23
20,2
17,21
34,0
17,11
40,6
21,5
14,4
43,17
27,5
35,22
24,1
30,4
21,2
41,7
15,1
27,6
22,3
36,13
10,18
24,5
19,1
63,25
47,15
57,11
14,4
35,5
12,0
15,3
31,15
45,5
35,24
38,30
26,11
35,11
53,36
26,0
16,0
28,7
16,1
26,16
26,11
27,14
33,6
27,8
37,10
23,5
13,0
17,8
30,0
18,13
30,9
26,7
16,9
47,5
16,7
13,9
32,13
21,11
24,8
22,4
14,2
24,12
24,1
18,20
14,2
17,4
14,0
16,0
15,0
11,1
15,0
15,1
16,8
14,0
17,0
0,0
32,2
29,7
19,12
49,5
62,25
9,11
33,7
40,28
46,31
31,11
15,0
40,17
20,5
32,9
34,11
14,0
16,10
5,0
21,0
18,1
14,6
23,0
20,22
24,24
24,30
19,25
4,0
35,7
15,4
16,2
20,6
15,18
23,4
18,0
16,4
17,1
15,11
27,1
25,6
24,8
14,0
22,3
15,3
34,44
14,3
18,2
13,3
14,1
30,0
30,8
18,3
24,2
21,0
8,16
23,3
27,2
9,10
12,0
22,1
18,6
17,6
18,0
16,2
16,0
13,2
19,3
2,0
17,1
14,1
2,0
13,2
1,0
18,3
23,7
17,1
17,6
14,1
1,0
10,1
13,12
35,25
4,0
15,12
11,6
8,15
11,3
22,6
10,6
11,6
14,23
21,5
26,4
25,9
10,11
11,2
22,7
11,1
14,2
33,17
19,7
27,2
20,16
27,13
19,18
10,9
27,18
87,28
24,7
16,4
12,0
16,5
21,8
28,1
20,0
15,3
36,5
23,0
31,12
19,0
16,4
30,11
22,2
14,1
11,7
21,4
30,12
37,13
10,5
21,6
15,1
19,3
14,1
14,8
12,0
14,12
16,3
16,0
20,3
30,10
14,8
35,10
21,4
20,7
22,10
32,14
12,6
11,6
12,0
12,0
16,1
21,5
14,2
16,3
14,0
22,12
18,0
25,10
22,28
9,6
16,3
16,7
25,5
12,5
18,2
19,12
25,0
23,11
14,3
24,3
36,8
22,6
28,6
15,10
22,5
21,1
32,7
19,1
12,5
12,3
22,11
17,2
13,0
24,2
16,10
19,17
31,13
11,4
21,0
17,5
23,0
17,2
23,2
16,3
22,4
14,7
25,2
19,6
11,4
21,12
12,2
12,14
12,0
36,5
12,1
11,0
38,10
37,8
49,10
11,1
10,5
9,4
13,4
18,4
15,0
14,0
21,1
14,3
16,3
12,4
12,2
23,5
35,9
18,4
12,1
25,1
19,10
13,5
14,11
36,13
37,13
16,8
25,15
28,4
26,3
32,6
35,12
26,2
21,3
34,12
10,7
20,10
25,6
39,6
17,3
26,11
17,3
38,12
18,2
24,10
45,18
15,0
12,0
20,3
37,22
12,0
26,1
18,9
10,13
12,15
16,5
25,21
9,17
13,0
13,9
15,3
12,27
14,8
21,12
21,14
28,5
14,0
19,2
13,0
15,2
23,1
31,16
14,0
5,18
21,3
15,0
23,4
16,0
22,12
15,11
23,32
27,7
20,2
18,12
30,6
16,3
14,13
18,0
26,11
19,4
14,2
20,5
20,3
15,0
15,12
13,1
21,5
31,6
26,11
27,9
21,11
21,22
24,9
17,25
18,5
13,4
14,7
25,17
10,21
12,5
26,21
24,11
16,2
25,4
18,1
17,5
24,15
13,2
20,18
21,6
21,8
13,8
16,3
14,5
16,1
19,10
18,4
20,5
19,9
19,3
9,6
21,17
29,5
14,0
20,18
27,18
21,5
12,0
23,5
22,3
29,7
26,13
23,11
16,16
22,4
18,4
39,12
25,19
15,9
20,3
24,2
30,4
18,8
22,5
18,7
22,37
17,12
19,0
15,7
36,16
18,9
9,7
25,13
22,11
17,13
10,9
13,1
33,47
14,13
10,6
14,0
15,0
18,1
14,2
32,7
14,1
13,10
12,4
15,15
14,0
23,4
18,0
21,1
15,2
13,3
13,0
18,3
18,5
12,0
12,0
19,1
29,9
12,1
13,2
12,0
19,3
22,8
38,6
17,7
37,7
28,7
22,5
28,2
19,30
33,12
18,3
16,7
32,4
30,7
20,5
16,2
36,18
30,4
22,2
34,14
19,3
15,5
12,1
23,32
13,2
17,4
30,33
32,1
12,4
32,24
23,6
34,2
62,19
18,20
10,2
16,0
23,5
14,0
20,7
25,8
19,7
17,2
15,13
25,9
18,2
13,3
19,2
29,10
13,3
25,0
21,0
48,17
22,0
20,1
14,14
31,17
12,3
24,39
10,5
21,3
18,0
14,1
15,11
13,4
12,4
13,2
19,17
12,3
14,1
14,7
15,3
5,0
20,1
227,1222
57,1
8,0
94,1
72,1
12,0
209,553
5,0
576,25
42,0
30,0
32,1
27,0
3,0
14,0
56,0
210,816
89,8
4,0
76,1
127,0
12,1
191,612
209,457
9,0
41,0
19,0
227,18
8,2
91,0
5,4
17,0
197,540
354,10
44,1
21,2
54,2
10,0
14,0
236,785
464,51
78,0
15,0
2,0
91,4
56,0
15,0
46,2
19,0
113,11
5,0
332,21
12,1
11,0
56,4
72,13
10,0
56,3
45,0
37,0
71,10
51,0
76,3
69,11
58,5
29,1
48,3
9,1
69,0
19,0
34,0
29,1
16,3
6,0
13,1
9,0
82,0
5,0
5,0
219,694
387,3221
8,0
68,0
53,0
23,0
15,0
280,1060
8,0
23,0
16,0
243,7
84,3
15,0
303,904
114,0
174,66
10,0
87,56
81,4
18,1
62,1
318,2
43,1
80,2
19,0
133,9
24,1
328,1094
8,0
488,2428
50,0
6,0
19,2
12,0
58,1
20,0
90,0
7,0
20,0
9,0
72,0
8,1
2,0
17,3
185,996
7,1
73,1
70,0
68,2
17,2
11,0
8,0
8,0
71,2
3,1
61,1
151,9
6,0
139,0
43,1
8,0
51,0
89,4
7,2
7,0
242,715
7,3
156,6
19,0
511,19
3,0
90,5
140,0
138,3
2,0
9,0
74,2
3,0
18,0
339,1019
6,0
9,1
10,0
353,891
5,0
84,6
70,5
29,0
11,0
5,1
3,0
9,0
148,15
19,4
4,0
14,0
57,0
45,2
3,0
14,2
52,26
8,6
64,2
28,1
71,59
62,0
5,3
8,3
211,859
20,0
247,828
117,98
8,0
210,1
114,1
46,0
62,2
12,0
231,461
10,1
114,81
5,4
3,0
8,0
598,37
85,6
25,0
358,1268
11,3
5,1
9,4
13,0
11,3
11,3
7,1
65,9
513,11
7,3
14,0
166,20
7,8
23,1
404,1129
11,1
7,3
425,1377
8,0
18,4
60,0
36,6
10,0
10,2
111,1
43,4
423,16
10,2
10,0
471,13
11,0
1508,14
71,0
107,7
141,3
198,11
637,3
50,0
53,0
50,0
79,0
54,0
122,0
11,0
6,0
85,25
8,2
885,32
78,1
15,0
11,9
36,0
23,1
231,39
14,2
14,0
379,2626
7,0
12,0
690,33
22,3
253,626
38,0
67,31
8,0
4,0
23,4
366,1490
414,65
16,1
66,0
8,0
44,3
16,5
468,4143
87,12
15,1
22,0
292,1214
3,0
6,0
20,2
11,11
18,4
6,0
29,2
46,0
298,974
296,86
11,0
8,0
14,0
54,2
43,0
5,0
11,0
16,0
10,0
11,4
112,34
50,4
10,3
18,0
150,45
12,2
74,0
27,4
9,0
11,1
18,1
15,4
5,1
96,3
6,1
10,5
442,2360
12,0
136,6
11,0
11,2
20,1
371,1233
87,2
13,2
72,15
111,9
178,22
14,0
127,25
40,0
632,3416
1026,55
13,0
27,1
4,0
193,7
42,1
276,927
10,0
138,10
12,0
8,1
215,784
6,0
38,0
86,13
15,0
13,0
295,1066
6,0
52,3
79,13
26,1
11,0
14,0
263,892
1236,25
11,0
41,9
101,43
36,10
38,8
20,10
60,31
26,7
45,5
83,40
6,0
7,0
7,0
43,12
302,794
4,0
16,5
85,8
45,2
45,7
23,0
29,2
14,2
61,7
94,6
316,15
176,5
14,3
94,25
98,61
14,3
16,1
397,998
11,0
10,0
19,0
873,16
22,4
17,14
82,14
12,5
272,31
486,1328
190,60
10,6
1847,51
166,1
21,1
214,2
5,0
103,7
28,0
8,0
7,0
82,3
134,7
10,0
44,0
317,8
140,44
11,0
11,1
36,1
6,2
33,1
11,1
107,21
95,0
154,13
63,2
112,2
357,7
217,0
60,8
9,0
88,28
1273,13
108,0
7,1
81,3
955,63
25,0
277,1092
6,0
362,89
8,0
10,0
165,0
278,5
94,30
110,7
280,1043
235,16
17,0
92,14
12,0
149,18
9,0
384,60
18,2
72,3
25,2
11,0
270,15
609,18
241,4
187,10
5,0
216,679
122,25
10,0
9,1
114,13
19,1
255,926
0,0
243,1121
65,0
5,0
12,0
230,32
12,1
35,1
124,20
5,1
4,0
149,19
24,1
201,66
14,3
51,1
14,5
271,20
51,1
58,2
22,5
228,16
12,1
186,7
15,2
81,13
17,3
10,1
88,11
241,54
83,0
19,5
35,1
362,87
17,0
300,1000
66,14
636,3014
155,4
223,119
26,3
179,13
8,0
24,1
496,18
11,1
8,0
177,505
519,6
144,45
117,330
176,540
179,495
217,23
97,0
6,1
32,0
18,3
223,944
200,649
11,2
20,0
366,1566
5,1
26,4
499,35
196,3
61,2
16,0
48,4
2,2
352,1828
13,0
6,0
22,0
9,1
3,2
10,3
370,1491
7,0
23,5
315,1086
10,1
2,1
8,0
82,1
137,508
2,1
32,0
307,2099
99,4
85,8
9,3
304,677
15,0
15,4
135,1
170,657
3,0
13,0
15,1
230,517
9,0
317,1354
233,60
10,1
9,0
316,15
8,1
418,1489
9,6
384,2297
10,0
70,6
60,0
252,504
9,1
10,0
278,583
15,4
53,0
37,0
99,5
10,1
267,516
9,7
17,0
384,1158
11,1
624,12003
154,3
21,2
10,3
616,7130
414,35
10,9
298,614
111,7
19,6
311,869
92,2
12,2
18,3
317,1215
5,0
7,0
89,5
296,869
45,2
15,0
57,0
74,5
15,0
63,1
23,0
60,2
11,0
105,2
35,1
25,0
18,0
18,2
8,0
76,0
10,0
44,0
82,4
33,6
114,1
219,7
16,8
17,3
54,6
6,3
194,551
21,10
637,50
5,8
247,810
20,6
439,5006
65,8
76,0
292,579
12,1
51,7
12,1
545,4741
356,50
75,3
14,5
51,1
30,0
11,1
3,0
10,0
215,44
5,2
9,2
63,8
17,3
67,2
17,0
12,3
12,0
153,11
360,1543
17,6
11,2
352,4162
48,0
225,17
4,7
12,7
480,3175
183,14
117,12
532,7783
11,0
10,1
11,3
498,3882
44,0
45,4
96,5
21,0
144,3
32,1
27,0
95,0
14,3
425,4761
4,0
483,4031
456,3420
157,43
134,11
16,1
583,6151
395,205
18,0
303,714
98,12
76,34
50,3
12,0
6,0
36,3
6,0
166,17
96,3
12,1
394,97
13,0
6,1
141,13
167,63
40,2
10,0
10,0
30,3
7,0
148,15
10,0
83,0
245,351
249,7
11,0
265,708
3,0
90,26
124,24
326,970
10,0
234,9
274,605
151,19
8,2
46,3
42,2
76,5
28,6
299,955
91,12
12,3
206,438
40,2
334,0
11,0
57,0
259,799
6,0
300,965
120,37
46,3
18,1
18,3
36,3
11,0
25,0
8,2
17,0
8,0
14,0
11,0
10,0
16,0
47,1
72,4
230,622
8,1
231,939
103,23
5,2
21,4
5,0
276,744
18,1
54,0
5,2
301,1154
65,0
196,63
6,0
8,0
221,290
4,0
118,13
279,1034
136,27
97,1
10,0
8,1
72,4
5,1
347,2025
7,0
113,45
37,2
17,0
6,0
61,11
50,0
25,7
6,4
265,637
419,233
66,5
12,2
4,1
57,5
46,5
7,1
264,1044
8,1
38,6
186,3
235,593
50,6
5,0
70,2
168,40
29,0
28,4
9,0
82,3
175,7
13,3
329,1372
169,16
200,6
264,959
7,1
24,0
20,0
19,0
33,8
22,5
122,20
5,3
474,5
482,1278
61,5
5,4
406,1156
53,0
413,1418
50,0
6,0
216,15
8,2
568,11
8,0
3,0
73,3
249,481
294,994
232,4
219,8
6,0
8,0
450,1346
6,0
303,764
7,2
307,593
26,0
384,1789
14,0
222,16
154,14
14,0
378,1053
750,5839
13,0
333,982
193,182
5,0
397,1250
10,0
3,0
300,633
257,799
11,0
31,2
7,1
285,866
91,5
57,3
3,0
7,0
95,3
9,0
328,662
557,27
11,0
228,507
15,10
187,315
74,1
5,0
240,769
70,2
54,2
194,645
7,0
38,0
130,12
4,1
211,677
253,841
229,803
59,12
12,1
37,3
69,5
33,3
20,0
8,3
20,3
12,0
214,778
407,58
36,1
19,3
14,4
11,0
8,1
14,0
69,9
55,2
247,606
278,860
16,2
30,3
86,9
31,2
10,1
206,464
391,4
54,1
279,570
85,0
39,3
41,0
358,1037
92,9
25,2
32,3
249,784
64,1
126,969
95,30
75,6
144,11
99,5
378,931
284,562
509,1776
164,3
25,9
92,5
108,10
144,8
20,0
30,0
69,0
87,217
26,0
7,0
131,566
22,1
113,7
100,280
40,0
13,0
100,4
64,7
142,683
150,559
37,0
139,627
11,2
4,0
16,1
5,0
100,382
68,240
61,257
21,0
9,1
12,0
130,175
51,81
43,3
49,183
19,82
69,290
13,0
51,126
19,3
13,4
19,35
11,1
28,68
10,2
10,0
2,0
1,0
17,0
33,130
20,0
35,132
29,7
12,2
3,1
3,0
61,278
12,3
0,0
2,0
1,0
3,0
2,0
1,0
0,0
2,0
0,0
2,1
34,104
23,4
1,0
3,3
2,2
12,0
9,0
5,0
54,236
31,14
4,0
30,182
22,4
20,2
4,0
48,3
3,0
21,0
39,237
26,8
12,2
0,0
30,197
3,0
44,11
64,32
3,0
3,0
17,0
72,252
21,4
8,0
336,4
6,0
2,0
2,0
4,0
12,0
7,3
2,0
4,0
0,0
5,0
0,0
2,0
8,0
2,0
7,0
5,0
5,0
0,0
1,0
0,0
0,0
4,0
1,0
2,0
5,0
3,0
1,0
2,0
626,3
4,0
12,0
8,0
0,0
2,0
1,0
7,0
1,0
1,0
15,0
10,0
3,0
6,0
4,0
0,0
0,0
3,0
3,0
3,0
1,0
3,0
4,1
1,0
23,3
3,0
2,0
4,0
1,0
0,0
1,0
3,0
1,0
1,0
13,0
0,0
11,0
4,0
3,0
1,0
1,0
2,0
5,0
10,0
1,0
1,0
6,0
0,0
0,0
2,0
10,0
1,0
2,0
2,0
6,1
1,0
1,0
1,0
6,1
2,0
1,0
2,0
4,0
2,0
1,0
1,0
1,0
2,0
0,0
134,5
1,1
2,0
4,0
1,0
2,0
2,0
0,0
2,0
3,0
1,0
3,0
2,0
1,0
3,0
3,0
3,3
2,0
1,0
0,0
2,0
2,0
0,0
1,0
2,0
2,0
3,0
1,0
4,0
5,0
4,0
529,226
984,5166
373,54
256,535
1238,7895
315,34
252,733
1140,6523
624,11
174,324
245,477
1156,7208
1818,33
876,133
185,31
763,4083
288,1715
910,5963
352,29
565,25
856,5204
509,17
257,28
1059,6535
835,3919
820,4829
291,895
1004,7061
359,47
846,3692
426,40
2402,97
258,37
329,1909
808,5516
892,6622
195,22
914,7013
1048,3740
563,28
703,4007
707,63
213,5
250,1061
829,6940
1078,9452
287,65
305,1724
543,2041
300,297
840,7145
840,4018
273,69
576,158
293,0
581,20
751,35
473,83
1386,51
434,58
391,8
280,29
345,70
296,31
186,19
358,12
414,5
429,88
136,18
125,4
251,18
158,9
177,16
287,38
153,7
214,18
806,51
312,37
244,30
637,64
195,15
287,43
357,59
182,27
307,51
403,89
211,24
300,46
287,29
223,19
181,15
56,3
378,48
397,87
397,76
940,49
138,8
78,5
128,5
306,32
128,12
119,9
96,5
354,66
121,11
94,9
164,15
342,34
163,13
73,11
247,17
53,3
120,17
155,31
431,27
110,15
187,18
105,20
99,16
161,18
91,6
316,65
91,5
151,9
70,12
154,821
208,981
2,0
17,0
9,0
123,524
157,591
24,0
27,0
190,723
19,0
22,2
164,1120
186,817
41,0
249,1734
83,272
156,333
219,994
7,0
123,574
171,408
180,1002
325,10
164,518
24,0
215,1229
75,450
134,360
145,746
68,4
22,4
160,1020
91,432
132,332
20,2
150,568
43,2
203,775
53,134
26,3
103,440
31,4
133,758
124,416
34,1
28,1
13,0
114,938
500,9
15,0
35,0
5,0
5,0
2,0
25,1
0,0
1,0
4,0
0,0
2,0
1,0
2,0
0,0
4,0
0,0
0,0
0,0
0,0
1,0
0,0
0,0
1,0
3,0
0,0
0,0
0,0
5,0
2,0
9,0
2,0
2,0
1,0
0,0
2,0
0,0
1,0
1,0
3,0
0,0
1,0
0,0
0,0
0,0
0,0
0,0
0,0
1,0
0,0
1,0
1,0
3,0
0,0
1,0
1,0
0,0
3,0
5,0
2,0
4,0
0,0
0,0
1,0
2,0
2,0
0,0
3,0
2,0
0,0
3,0
3,0
2,0
1,0
2,0
2,0
1,0
2,0
4,0
2,0
5,0
4,0
0,0
1,0
12,1
6,0
12,0
1,0
12,0
11,0
10,0
4,0
0,0
2,0
0,0
0,0
1,0
0,0
1,0
0,0
0,0
0,0
4,0
1,0
0,0
0,0
0,0
0,0
2,0
2,0
1,0
0,0
0,0
3,0
0,0
1,0
2,0
0,0
0,0
0,0
1,0
3,0
1,0
4,0
3,0
1,0
1,0
1,0
2,0
0,0
2,0
64,91
1,0
34,73
0,0
0,0
3,0
4,0
7,0
4,0
0,0
1,0
3,0
5,0
4,0
1,1
1,0
5,0
5,0
0,0
4,0
3,0
7,0
4,0
3,0
1,0
1,0
0,0
1,0
2,0
4,0
3,0
3,0
2,0
3,0
2,0
1,0
1,0
2,0
11,0
3,0
6,0
1,0
2,0
0,0
2,0
0,0
1,0
7,1
0,0
3,0
1,0
1,0
1,0
3,0
0,0
1,0
4,0
3,0
2,0
4,0
0,0
5,0
1,0
1,1
9,0
5,0
3,0
7,0
2,0
4,0
5,0
3,0
5,0
8,0
2,0
3,0
2,0
4,0
3,0
5,0
6,0
3,0
1,0
5,0
4,0
2,0
0,0
0,0
7,0
2,0
9,0
3,0
4,0
1,0
2,0
0,0
3,0
0,0
2,0
5,0
1,0
2,0
0,0
5,0
1,0
11,0
3,0
10,0
91,91
3,0
1,0
1,0
2,0
1,0
0,0
7,0
1,0
1,0
3,0
5,0
5,0
1,0
5,0
4,1
8,0
3,0
5,0
47,39
28,39
3,0
3,0
1,0
105,136
8,0
182,235
1,0
4,0
2,0
3,0
1,0
0,0
0,0
3,0
116,200
7,0
10,0
42,89
2,0
0,0
133,157
4,0
16,1
128,164
2,0
3,0
3,0
54,90
1,0
2,0
5,0
71,123
3,0
6,0
88,247
3,0
0,0
0,0
0,0
3,0
1,0
95,129
1,1
2,0
1,1
83,96
5,1
103,116
2,1
237,338
2,1
0,1
3,2
1,1
1,1
1,0
2,1
136,265
5,0
16,5
4,0
3,1
4,0
1,0
3,0
3,0
1,0
7,0
2,0
1,0
2,0
1,0
3,0
8,0
3,0
3,0
0,0
5,0
0,0
2,0
3,0
2,0
3,0
2,0
4,0
2,0
2,0
8,0
2,0
3,0
3,0
1,0
4,0
3,0
3,0
3,0
6,0
4,0
7,0
7,0
2,0
2,0
0,0
7,0
0,0
5,0
2,0
8,0
0,0
0,0
4,1
14,1
10,0
9,0
1,0
2,0
6,0
0,0
8,0
6,0
4,0
1,0
0,0
0,0
0,0
2,0
0,0
12,0
4,0
3,0
1,0
1,0
5,0
0,0
5,0
0,0
6,0
6,0
3,0
5,0
0,0
2,0
7,0
2,0
5,0
3,0
5,0
0,0
1,0
1,0
13,0
8,0
90,168
3,0
3,0
103,330
1,0
3,0
113,525
1,0
5,0
8,0
166,336
2,0
4,0
2,0
5,0
300,860
8,1
3,1
171,437
95,131
100,204
2,0
1,0
4,0
5,0
2,1
275,401
0,0
0,0
0,0
1,0
0,0
0,0
1,0
106,283
10,1
1,0
3,0
60,442
2,0
1,1
231,331
2,0
0,0
138,119
799,112
1304,525
16,50
993,1131
1179,902
1143,1242
337,0
795,799
875,1177
1120,909
1172,1561
1360,1358
1490,2117
1405,1156
958,1249
355,4
874,1099
1174,1473
1119,1585
1206,144
1245,1325
1280,923
798,75
1237,1230
1406,1609
1215,1131
1380,1330
1319,1293
1695,2279
1090,176
1159,1153
1355,1484
1312,1765
1585,1913
1482,588
1126,1220
1959,6174
1197,1727
565,3
1368,1794
1741,2257
1490,1671
260,11
1172,1469
426,5
1334,1846
1503,1920
1280,1568
1678,1499
1290,1530
1309,1267
1220,1478
1212,2092
350,24
1307,1250
1309,1489
1554,2185
1758,1890
285,0
1372,1778
1753,1936
818,39
252,5
1386,1440
1611,2314
1970,2903
863,121
396,2
1303,2153
816,33
1355,1360
1236,771
813,542
1134,1076
310,3
1615,1497
518,16
1041,1151
239,3
1228,887
1203,647
1841,1389
386,19
333,27
2173,2925
464,13
1517,1132
2237,2571
701,57
352,3
1166,878
153,0
1412,1247
1513,1309
173,0
1886,2059
341,0
1012,916
238,0
1411,1276
369,58
855,93
721,436
98,1
255,2
1050,1403
183,0
1891,1624
364,2
993,636
2046,1626
147,6
1386,851
581,40
383,5
363,0
952,19
343,5
952,19
254,11
745,933
364,3
1732,1950
1303,996
171,1
126,1
1712,1726
1809,1384
655,46
359,2
1798,1650
1394,239
201,5
2399,2458
1511,311
989,783
138,1
66,0
101,1
206,1
139,1
1391,1282
171,3
101,2
1874,2478
253,0
1397,771
660,14
234,10
392,133
417,151
231,130
143,48
146,34
237,117
403,158
225,1
83,0
1927,1586
160,1
227,3
113,2
2033,1961
661,34
317,1
1712,1438
2101,116
1909,1566
272,0
1168,1245
325,0
1988,1827
284,22
305,19
482,24
331,6
122,1
275,7
211,0
69,0
51,1
99,0
2639,1625
635,25
1491,66
188,1
598,28
744,80
580,34
685,54
1905,1186
1288,97
926,51
1393,327
330,14
679,64
648,67
2383,507
770,31
812,67
2149,193
1145,51
1130,91
555,35
596,23
1027,146
1296,240
498,36
931,60
484,25
612,73
423,73
222,29
143,12
79,20
111,13
285,67
586,61
383,28
279,56
317,35
133,42
369,100
133,11
517,105
396,28
431,75
265,82
329,46
439,59
337,57
145,26
115,24
100,54
134,26
87,28
120,55
120,26
237,32
128,20
78,10
114,17
93,30
119,17
58,6
21,4
46,0
170,18
44,2
36,2
140,20
128,14
2,0
27,0
97,177
2,4
9,0
19,1
32,0
25,0
31,0
25,0
18,0
33,0
156,593
16,0
41,1
38,1
20,0
99,361
29,3
22,0
13,0
29,0
182,356
12,0
12,0
9,0
11,0
8,0
23,2
16,0
13,1
19,0
26,0
27,1
14,0
64,0
154,455
20,1
19,0
19,0
10,0
9,2
15,0
31,0
23,2
50,0
259,695
25,0
18,0
26,0
29,1
59,0
19,0
35,0
14,0
23,0
63,84
27,0
17,0
14,1
12,0
32,0
37,0
146,303
40,1
20,0
20,0
50,0
19,0
46,0
26,0
14,0
55,0
162,418
10,0
26,0
11,0
18,0
12,1
35,2
14,0
63,0
184,530
28,0
24,0
33,0
17,0
58,0
33,0
39,0
11,1
16,0
63,0
6,0
196,637
31,0
40,1
22,3
25,0
25,0
36,0
162,401
25,0
14,1
52,1
26,0
36,0
10,0
15,1
16,0
16,3
31,0
181,506
1,0
42,40
37,2
26,2
32,0
17,2
19,1
18,0
51,0
4,0
174,512
38,2
29,0
32,1
22,0
13,1
24,0
78,209
26,0
23,0
23,1
19,0
11,0
3,0
26,0
115,259
40,1
17,0
32,2
12,0
46,0
20,1
13,0
29,0
35,0
58,0
172,555
24,0
21,1
15,0
38,0
156,482
17,1
32,0
25,1
64,0
42,2
22,1
24,0
12,0
60,0
156,458
22,1
34,1
22,0
33,0
13,1
26,0
13,0
18,0
24,0
18,1
8,0
13,0
27,0
21,0
18,0
10,0
62,0
219,627
25,0
28,1
19,1
20,0
15,0
9,0
22,0
12,1
15,0
51,0
243,597
17,0
17,0
16,0
15,0
31,0
20,0
11,0
34,0
18,0
15,0
18,0
43,1
57,0
205,619
28,0
26,1
11,0
13,0
41,0
14,0
23,0
10,0
50,0
136,395
16,0
9,0
18,2
2,0
10,0
16,0
10,0
35,0
20,1
6,0
33,1
24,3
39,1
38,0
25,1
63,0
161,579
19,0
37,1
7,0
20,0
17,0
22,0
23,1
79,1
171,595
46,0
28,1
15,0
33,0
48,2
10,0
181,366
14,0
11,0
27,0
11,0
26,2
12,0
10,0
7,0
32,0
95,0
14,0
24,0
6,0
35,0
28,0
13,0
11,0
12,0
17,0
52,2
180,392
24,0
8,0
19,1
24,0
18,0
13,0
14,0
33,0
30,1
25,0
20,0
16,1
54,0
206,367
18,0
14,0
18,1
28,1
63,0
176,401
23,1
12,0
57,0
26,2
15,1
19,0
41,2
11,0
18,0
29,0
8,0
19,0
39,1
25,1
41,2
17,0
21,0
9,0
10,0
18,2
11,0
19,2
23,0
9,0
19,0
25,0
19,2
18,0
48,0
9,0
208,573
15,0
17,0
9,0
14,0
30,0
21,0
15,0
28,0
11,0
9,2
30,1
55,0
2,0
299,760
29,0
23,0
23,0
24,0
13,0
8,0
20,1
53,0
6,0
7,0
256,779
15,0
15,0
9,0
13,0
16,0
86,6
29,1
25,0
14,0
22,0
42,0
147,541
33,0
30,1
21,1
14,0
48,1
195,243
8,0
7,0
8,0
14,0
22,0
14,0
15,0
14,0
19,1
38,5
12,0
12,0
11,0
30,0
15,0
13,0
26,0
10,0
145,274
9,0
126,323
97,277
67,120
24,0
14,0
124,400
27,42
89,255
18,0
30,0
135,461
66,3
71,0
240,764
24,0
46,76
18,0
110,338
11,0
0,0
9,1
165,395
62,102
9,1
25,0
170,537
28,0
112,354
124,313
20,0
43,0
183,543
111,362
165,495
36,0
27,0
140,379
102,276
22,0
11,0
11,1
167,442
28,1
51,0
43,0
176,472
110,369
20,1
18,1
26,1
148,348
28,0
28,1
173,477
145,326
122,287
134,420
157,413
25,0
106,194
64,107
144,250
47,0
198,373
29,0
159,306
29,0
17,0
214,528
195,525
132,385
22,0
113,183
21,2
204,358
43,0
20,1
138,321
20,0
197,324
263,353
51,0
212,342
145,402
29,0
150,354
221,388
92,182
24,0
213,305
40,2
40,0
219,437
245,305
23,0
218,635
303,604
214,462
179,390
177,373
57,1
145,328
15,0
14,0
125,254
209,275
17,0
151,218
163,269
173,360
233,3360
8,0
10,0
147,346
182,338
46,0
120,247
146,396
189,391
35,0
21,1
25,1
239,404
13,0
183,419
95,0
53,1
146,304
109,358
43,1
158,333
17,0
136,319
20,0
104,299
30,0
124,305
17,0
165,413
6,0
21,2
144,220
36,0
17,0
205,257
29,0
162,386
166,384
38,0
199,432
186,398
18,0
174,332
38,0
156,464
19,0
122,307
110,335
164,626
15,0
148,347
6,0
106,324
14,0
26,0
20,0
95,295
150,526
18,1
146,864
163,341
150,398
115,281
155,375
168,703
158,623
163,1138
19,0
182,353
29,0
164,447
23,0
7,0
116,250
16,0
143,417
18,0
8,0
144,383
158,324
6,0
22,0
121,442
26,0
153,339
10,0
13,0
202,323
29,0
151,328
132,263
145,142
150,388
12,1
193,631
214,530
24,1
27,0
187,544
173,429
48,4
190,511
13,0
226,556
15,0
154,467
98,346
30,0
157,499
140,262
125,323
170,472
25,0
22,1
19,0
144,347
150,379
14,0
27,0
218,354
163,347
23,1
32,1
152,333
21,1
135,326
38,1
189,329
237,507
189,442
22,1
194,419
156,847
232,567
46,1
174,487
169,436
42,0
207,995
24,0
208,502
71,0
218,469
5,0
19,1
172,501
14,0
207,1122
219,590
28,0
25,1
158,853
226,524
163,857
193,544
46,0
132,722
18,0
163,767
128,630
14,0
114,324
153,423
133,333
143,1366
11,0
61,83
7,0
5,0
18,0
222,1800
41,1
149,429
29,0
30,1
54,48
163,354
14,0
30,0
182,584
13,0
200,417
38,0
188,498
180,439
36,5
19,0
35,0
178,1320
198,473
179,489
34,1
30,0
169,881
21,1
41,0
230,906
236,703
18,3
4,0
160,466
24,0
76,2
201,672
44,0
29,1
30,0
232,457
16,0
38,0
203,536
9,0
59,0
174,346
22,0
52,0
18,0
72,2
256,546
12,0
13,0
162,352
7,0
38,3
14,0
113,592
239,408
37,1
242,415
19,0
30,0
63,3
184,941
32,0
199,515
84,79
179,454
8,0
123,356
52,39
99,325
170,726
50,4
23,1
25,0
206,378
16,0
25,0
19,0
128,571
54,100
10,0
108,168
122,307
33,1
228,1030
152,358
170,793
165,1630
552,0
180,994
172,9
227,473
9,0
110,328
27,0
477,3
213,1688
7,0
250,1
175,1196
129,215
202,1311
205,476
136,270
37,0
164,1819
173,1214
177,706
47,7
242,744
27,1
225,559
22,0
8,0
238,815
235,1278
25,0
29,4
17,0
46,0
362,745
209,0
23,1
290,915
41,0
267,1221
11,0
143,0
225,1085
13,0
237,1430
11,0
345,1019
10,0
252,885
168,718
8,1
257,1096
316,1080
13,0
281,809
285,778
195,1176
13,0
239,1270
270,898
21,1
307,1275
12,0
26,0
21,0
236,938
258,1008
33,2
320,2021
23,1
60,4
102,8
268,1820
49,0
41,2
239,938
32,2
17,0
273,914
229,1005
21,0
26,1
212,551
294,1689
29,1
239,548
14,0
296,656
277,1270
18,0
292,1425
18,0
9,1
34,1
303,1003
237,913
22,3
315,1050
27,0
13,0
251,1145
24,1
81,0
212,916
440,1112
16,0
349,967
29,0
27,0
354,1119
7,0
323,1908
19,0
52,0
398,1942
18,0
6,1
265,1138
8,0
253,1410
264,1487
15,0
13,0
21,0
392,1972
266,736
10,0
19,0
359,1092
331,1017
19,0
11,0
7,0
287,3800
22,1
9,0
21,2
22,0
21,1
26,2
47,0
291,1169
23,0
16,3
4,0
11,2
39,0
204,1059
28,0
11,0
5,0
8,0
12,0
199,603
23,0
12,0
12,0
46,2
315,1247
16,2
18,0
13,2
304,1069
13,0
2,0
3,0
13,0
9,0
18,3
240,1212
16,1
6,0
15,1
7,0
11,0
7,0
1,0
8,1
7,0
30,0
229,695
10,0
7,0
2,0
29,1
35,0
22,0
168,449
11,0
18,0
20,0
33,0
13,0
11,0
11,0
187,722
4,0
7,0
36,2
55,0
287,709
137,162
7,0
18,0
241,2
8,0
11,0
19,2
200,752
29,3
9,0
187,415
14,0
21,2
31,4
48,0
170,1762
11,0
4,0
16,0
27,3
58,2
258,470
21,0
3,0
46,0
264,459
1,0
11,0
41,0
196,466
10,0
11,2
109,202
17,1
20,0
29,1
50,0
6,0
292,898
12,0
13,0
27,0
7,0
283,519
37,6
9,0
265,664
5,0
18,1
386,1912
7,0
9,0
15,3
16,0
25,2
23,0
432,924
15,0
23,0
17,0
55,0
274,1140
18,0
18,0
38,0
18,0
22,0
61,1
54,0
431,3450
11,0
20,0
12,0
16,1
330,2409
10,0
29,0
44,0
43,0
355,1249
51,4
16,0
83,13
42,0
24,0
17,0
433,1814
16,0
23,0
20,0
15,0
14,0
321,1594
30,1
10,0
33,0
37,4
45,2
8,0
22,0
337,2638
18,3
233,1039
29,0
276,306
158,234
19,0
35,0
41,5
26,0
244,1356
22,1
29,0
40,0
256,2979
12,0
15,0
19,0
226,359
26,0
22,3
46,10
54,0
335,2112
13,1
38,0
223,1950
14,0
11,0
13,0
160,326
8,0
24,2
24,3
36,0
8,0
269,783
36,3
12,0
135,245
22,0
34,0
230,1562
50,0
19,0
15,0
13,1
1,0
182,443
24,0
33,0
42,0
249,1244
17,0
19,0
34,0
322,1503
9,0
43,2
385,1651
38,3
40,0
166,1199
17,1
23,0
8,0
169,293
23,4
17,1
28,0
50,3
79,0
219,1172
24,0
29,4
85,0
185,519
14,0
193,800
13,1
50,1
206,525
46,0
151,667
31,3
32,1
255,505
144,271
11,0
9,0
64,100
9,0
11,0
27,0
8,0
253,1051
35,2
26,1
248,1382
36,0
180,307
28,0
45,6
389,2798
34,0
23,1
44,2
520,2546
116,337
20,0
339,1082
28,0
156,286
42,0
15,0
38,1
305,1415
15,0
2,0
4,0
171,236
7,0
9,0
423,1661
22,2
136,250
27,0
15,0
285,1293
128,200
18,1
5,0
325,798
17,4
15,0
204,1200
17,0
186,325
18,0
11,0
129,299
34,0
297,1133
19,0
18,0
25,0
260,1493
24,0
17,0
148,390
7,0
17,0
217,885
25,0
29,2
223,349
11,0
17,0
17,0
23,0
275,1113
17,0
18,0
23,0
300,1532
14,0
212,306
29,2
17,0
25,1
50,0
306,1259
36,2
9,0
44,2
23,1
314,1488
20,0
20,0
18,0
31,0
24,2
36,0
413,1934
9,1
26,0
45,1
331,1082
30,8
15,2
23,1
17,2
307,847
33,0
128,229
17,0
17,0
17,0
292,1194
36,3
248,592
172,1056
10,1
13,1
35,0
275,625
16,0
27,1
34,1
39,2
30,1
412,1680
13,0
20,0
9,0
272,339
268,816
19,0
249,1209
10,1
13,0
40,2
333,1307
207,391
27,2
38,4
25,0
407,1374
12,0
9,1
26,0
241,383
3,0
15,3
267,859
23,1
3,0
10,0
214,779
5,1
11,0
248,433
16,0
20,0
212,1006
14,0
13,0
282,1591
25,1
8,0
20,0
224,545
14,0
21,0
23,1
195,294
14,0
11,0
42,1
160,1183
9,0
31,0
182,1142
29,0
214,1550
10,1
159,175
22,1
14,0
16,1
13,0
135,214
8,0
233,1168
12,0
33,1
336,1532
26,0
233,405
19,1
20,0
183,908
25,2
16,2
49,4
295,1357
22,1
14,1
14,0
230,1315
26,0
241,336
19,0
12,2
33,3
10,3
166,287
5,1
32,2
398,2314
10,1
296,1756
173,221
29,0
271,1516
19,2
222,1711
23,1
17,0
176,171
21,0
30,0
394,2379
3,0
211,948
24,4
24,0
281,1858
12,0
5,2
9,0
179,306
20,1
12,0
144,238
120,126
10,0
13,2
13,0
173,578
19,0
30,0
232,1045
32,6
6,0
15,0
9,0
0,0
241,938
18,0
147,226
197,505
33,1
18,3
242,1153
15,1
12,1
13,0
202,377
23,0
7,0
9,0
24,0
246,1035
126,266
9,0
6,0
8,0
22,0
288,953
14,0
6,0
189,410
13,0
23,0
22,0
319,3053
11,1
23,0
412,1485
287,916
10,0
226,238
22,0
12,0
28,5
14,0
394,2195
31,2
18,1
4,0
115,179
27,0
370,1049
165,296
13,1
376,20
255,7
1704,21
205,39
336,42
111,2
357,18
114,7
133,7
532,32
231,16
684,38
1627,30
791,34
1404,39
824,106
295,18
1957,124
1730,161
1655,47
237,67
360,22
2635,308
324,45
1271,94
851,100
1992,36
4315,24
4114,104
95,3
111,9
796,143
508,12
2506,287
251,29
1244,218
75,2
867,90
87,5
614,78
2420,75
86,5
488,20
157,16
547,71
1168,104
879,165
114,6
186,15
1985,39
985,71
376,20
255,7
1704,21
205,39
336,42
111,2
357,18
114,7
133,7
532,32
231,16
684,38
1627,30
791,34
1404,39
824,106
295,18
1957,124
1730,161
1655,47
237,67
360,22
2635,308
324,45
1271,94
851,100
1992,36
4315,24
4114,104
95,3
111,9
796,143
508,12
2506,287
251,29
1244,218
75,2
867,90
87,5
614,78
2420,75
86,5
488,20
157,16
547,71
1168,104
879,165
114,6
186,15
1985,39
985,71
1918,1
151,2365
3,0
3,0
205,1476
123,110
69,8
130,1051
5,0
126,1641
124,844
34,4
29,0
18,0
192,1949
393,1529
196,2904
144,6
8,0
379,5491
48,1
44,1
44,7
382,3035
1302,4066
1228,6
6,0
185,1835
261,3456
36,5
52,1
192,1446
236,2842
144,545
45,0
292,3779
416,5352
26,1
72,29
370,6316
216,4068
62,11
51,7
54,0
267,2606
408,3994
78,36
38,0
43,7
180,2176
188,2099
37,0
72,1
12,0
146,1569
249,2609
218,3000
21,2
133,28
127,56
30,0
22,0
31,0
236,5237
97,104
197,1875
34,8
12,7
63,21
218,105
246,2373
34,5
51,80
122,71
39,4
27,0
50,20
123,166
256,1435
93,54
123,25
98,5
51,1
58,2
47,16
16,3
22,11
16,0
374,6
61,2
42,0
37,0
75,28
96,25
55,83
156,1970
15,0
281,2113
110,566
239,2574
105,96
18,0
44,18
19,6
51,4
67,276
30,2
155,851
266,2068
31,1
225,32
63,23
4,0
225,1660
154,1138
35,3
236,2719
166,102
32,28
26,0
96,1084
91,54
62,1
49,8
13,2
237,3958
235,2685
45,27
47,4
8,0
364,4845
84,54
212,1957
73,34
195,195
68,2
43,0
9,1
122,524
265,2744
196,116
116,65
288,2555
59,21
9,4
467,2948
106,78
136,126
92,47
45,0
23,1
27,2
31,3
6,0
371,3789
84,13
32,0
192,2339
157,118
55,2
25,0
320,3584
35,0
107,65
67,29
250,212
59,0
80,8
42,3
101,80
43,0
8,0
60,38
27,3
101,18
128,11
576,10186
104,58
7,0
1,0
170,98
48,0
16,0
97,44
138,54
273,41
138,177
21,0
110,66
105,2
76,11
119,841
239,100
88,33
15,5
77,0
100,51
35,2
149,54
69,1
33,0
68,13
353,357
123,4
19,0
87,18
222,282
19,0
83,1
36,15
260,338
28,8
45,0
104,57
123,96
66,2
40,14
59,0
63,5
129,80
27,0
123,92
6,8
5,24
19,0
22,25
21,31
15,27
58,3
27,1
33,0
249,166
31,3
160,4097
53,10
53,7
97,0
86,7
27,1
63,6
80,10
38,0
46,4
33,7
57,1
76,7
106,71
113,113
24,0
35,2
238,151
1013,16
28,0
41,0
42,0
48,3
66,0
47,1
26,0
21,15
42,3
55,785
43,0
11,0
19,0
6,0
10,0
18,0
14,0
4,0
11,2
34,0
41,4
36,0
31,6
22,5
19,0
45,1
28,1
137,660
59,7
169,157
147,130
62,8
5,0
45,0
43,17
101,1753
22,0
247,4255
132,24
49,0
45,0
14,0
148,952
50,0
82,0
45,4
73,1191
16,2
31,1
101,1738
15,0
71,14
56,4
62,263
113,79
56,365
66,659
40,0
35,4
29,0
28,5
19,0
3,0
43,706
26,61
29,0
10,0
18,96
67,558
37,40
95,831
88,967
24,0
20,0
22,4
36,3
18,0
77,511
113,801
61,6
66,178
65,7
39,5
51,5
77,9
145,4
139,687
44,5
53,7
369,351
63,3
299,933
265,1343
109,42
66,1
104,22
121,3
63,0
186,3
58,6
99,1150
303,1489
109,25
306,279
95,14
61,14
53,3
23,0
93,440
46,15
45,0
228,4267
14,0
56,1226
166,1834
120,29
111,79
355,7543
26,0
36,5
83,49
207,16
271,239
47,2
139,2609
57,10
145,1335
47,2
42,9
515,567
90,4
247,193
55,2
85,1
86,59
272,10194
23,1
81,28
28,2
49,23
77,17
284,192
31,0
67,16
165,169
79,2
184,131
105,56
213,64
382,448
95,3
244,199
353,383
269,311
332,316
66,21
85,1
350,498
259,292
111,68
47,5
72,4
135,34
28,0
61,1
21,0
27,0
15,0
70,0
194,47
46,0
50,1
164,53
125,4
356,119
79,1
361,479
517,5514
75,6
73,2
411,566
302,2497
349,4300
215,19
201,104
119,38
141,529
81,6
104,7
147,21
137,497
179,3343
62,3
286,3022
273,206
125,4
119,139
328,247
446,5386
304,239
49,0
123,4
121,74
307,4272
64,2
314,4340
388,319
186,36
108,0
117,5
62,351
163,3392
215,3202
416,7208
256,261
154,1646
70,4
42,2
54,0
28,0
120,457
293,2762
61,0
210,254
137,12
306,4444
333,256
102,64
246,4240
102,14
288,3287
295,338
60,3
708,17404
463,424
337,662
63,6
79,8
634,10960
97,11
303,3593
239,250
69,4
368,6942
302,358
382,5779
425,3892
325,536
122,25
111,462
51,0
422,9831
147,383
67,31
98,8
90,12
89,838
115,441
122,9
86,0
46,2
250,1966
423,5411
510,7751
232,150
193,46
392,613
191,35
188,40
86,3
83,58
64,0
730,7943
274,385
156,17
553,10926
459,4391
331,196
57,8
13,12
14,9
16,11
304,469
102,20
481,8601
240,368
558,7572
104,14
239,392
134,20
570,7524
125,18
87,3
291,472
160,265
350,3917
42,6
61,0
344,3449
54,16
108,102
242,351
112,755
400,9039
51,3
134,112
78,3
52,0
18,0
100,701
278,2863
607,5757
254,355
146,1839
26,1
446,4963
228,253
20,0
59,1
226,4336
415,4963
122,181
69,2
85,10
349,5254
36,11
64,96
405,4462
251,266
224,2792
193,1156
89,22
11,0
11,0
10,0
60,4
61,5
391,6407
53,0
20,2
66,350
426,4637
127,51
101,1686
112,824
199,1805
188,92
28,1
34,8
249,5995
52,4
23,2
30,0
27,3
36,0
48,0
104,1732
37,2
47,4
59,444
112,1540
76,1829
22,2
57,366
114,1431
25,0
88,8
34,0
198,2167
23,3
247,3529
43,4
18,1
31,9
29,7
75,6
86,12
78,36
43,1
33,4
88,14
31,3
407,4225
256,4214
49,2
17,0
251,4642
19,0
264,4615
81,13
7,0
205,2635
70,3
50,6
123,1078
216,3625
100,9
16,0
120,2773
106,1681
116,1577
37,1
12,0
112,1729
70,4
188,13
32,2
4,0
159,3146
63,10
99,870
180,3367
25,0
173,1773
4,1
229,3966
53,6
20,0
32,7
13,0
178,3683
25,2
60,1
142,1348
17,0
175,3863
12,0
7,0
18,1
29,0
15,0
266,5000
32,5
24,0
96,880
181,2641
90,6
37,10
127,2303
27,8
211,4487
51,8
21,2
17,0
22,1
13,0
13,0
14,0
7,0
11,1
300,5404
61,4
43,2
253,4432
324,4472
174,0
132,9
4,0
0,0
6,0
8,0
164,60
2,0
239,2
5,0
9,0
154,43
6,0
36,240
9,0
129,4
685,1
207,10
43,4
9,0
203,0
266,7
973,45
15,0
185,6
281,6
63,1
110,0
293,4
105,3
117,5
9,4
426,27
42,0
6,1
308,35
63,0
5,0
211,9
23,0
239,9
256,24
69,1
9,0
230,23
12,0
11,1
9,0
10,0
2,0
11,0
91,2
50,0
10,1
8,0
6,0
10,0
236,0
15,0
1,0
7,0
93,26
9,0
4,0
196,2
86,0
89,0
16,0
2,0
351,12
17,0
